metric,step,value
eval/loss,100,0.40409309
eval/loss,200,0.38086477
eval/loss,300,0.37010506
eval/loss,400,0.37556577
eval/loss,500,0.37224016
eval/loss,513,0.37241659
eval/token_acc,100,0.77294521
eval/token_acc,200,0.78253425
eval/token_acc,300,0.79006849
eval/token_acc,400,0.7880137
eval/token_acc,500,0.7869863
eval/token_acc,513,0.78869863
train/grad_norm,1,5.64014006
train/grad_norm,5,3.36454916
train/grad_norm,10,1.44210601
train/grad_norm,15,0.91343313
train/grad_norm,20,2.31931329
train/grad_norm,25,2.4525826
train/grad_norm,30,17.35604286
train/grad_norm,35,1.49534738
train/grad_norm,40,1.69197643
train/grad_norm,45,0.92257905
train/grad_norm,50,1.42306137
train/grad_norm,55,5.04678488
train/grad_norm,60,1.40929997
train/grad_norm,65,4.14305735
train/grad_norm,70,7.14013577
train/grad_norm,75,1.25028396
train/grad_norm,80,1.26688671
train/grad_norm,85,1.43381631
train/grad_norm,90,1.15366125
train/grad_norm,95,0.96786678
train/grad_norm,100,0.90296108
train/grad_norm,105,0.9519003
train/grad_norm,110,0.71566677
train/grad_norm,115,0.60996401
train/grad_norm,120,1.50927866
train/grad_norm,125,1.23277998
train/grad_norm,130,0.77315176
train/grad_norm,135,1.61082673
train/grad_norm,140,2.02029228
train/grad_norm,145,1.6555773
train/grad_norm,150,1.15389276
train/grad_norm,155,1.39727283
train/grad_norm,160,0.76481223
train/grad_norm,165,1.04633439
train/grad_norm,170,1.10933554
train/grad_norm,175,2.1720283
train/grad_norm,180,1.03606915
train/grad_norm,185,1.0328455
train/grad_norm,190,12.12608433
train/grad_norm,195,1.09668601
train/grad_norm,200,1.26117146
train/grad_norm,205,2.18834162
train/grad_norm,210,2.44864154
train/grad_norm,215,0.74152088
train/grad_norm,220,1.13436151
train/grad_norm,225,1.29259527
train/grad_norm,230,1.49572957
train/grad_norm,235,0.8050831
train/grad_norm,240,1.10703242
train/grad_norm,245,0.9275353
train/grad_norm,250,0.91435349
train/grad_norm,255,1.04010379
train/grad_norm,260,0.76456648
train/grad_norm,265,1.11721587
train/grad_norm,270,1.15688634
train/grad_norm,275,1.07577908
train/grad_norm,280,0.62781608
train/grad_norm,285,3.49334717
train/grad_norm,290,0.71165043
train/grad_norm,295,2.83823919
train/grad_norm,300,6.90461159
train/grad_norm,305,1.34364772
train/grad_norm,310,2.27113867
train/grad_norm,315,1.14544547
train/grad_norm,320,1.06010818
train/grad_norm,325,2.33093214
train/grad_norm,330,4.0417099
train/grad_norm,335,1.64353704
train/grad_norm,340,0.77029419
train/grad_norm,345,0.78302467
train/grad_norm,350,0.87347156
train/grad_norm,355,5.78857708
train/grad_norm,360,2.00408149
train/grad_norm,365,1.583148
train/grad_norm,370,1.19393122
train/grad_norm,375,1.05851114
train/grad_norm,380,3.8244803
train/grad_norm,385,0.92206758
train/grad_norm,390,1.29867887
train/grad_norm,395,4.45184565
train/grad_norm,400,3.56719136
train/grad_norm,405,1.04645503
train/grad_norm,410,2.59596539
train/grad_norm,415,0.92011368
train/grad_norm,420,1.09494197
train/grad_norm,425,2.47263265
train/grad_norm,430,1.20881712
train/grad_norm,435,2.02470946
train/grad_norm,440,2.94712687
train/grad_norm,445,1.43772483
train/grad_norm,450,2.70820856
train/grad_norm,455,1.0443331
train/grad_norm,460,2.33798862
train/grad_norm,465,1.74362648
train/grad_norm,470,1.22749615
train/grad_norm,475,0.95646304
train/grad_norm,480,0.99915075
train/grad_norm,485,1.57941198
train/grad_norm,490,1.02397466
train/grad_norm,495,1.48664927
train/grad_norm,500,0.69139451
train/grad_norm,505,0.90841252
train/grad_norm,510,1.77431035
train/learning_rate,1,3.8e-07
train/learning_rate,5,1.92e-06
train/learning_rate,10,3.85e-06
train/learning_rate,15,5.77e-06
train/learning_rate,20,7.69e-06
train/learning_rate,25,9.62e-06
train/learning_rate,30,1e-05
train/learning_rate,35,9.99e-06
train/learning_rate,40,9.98e-06
train/learning_rate,45,9.96e-06
train/learning_rate,50,9.94e-06
train/learning_rate,55,9.91e-06
train/learning_rate,60,9.88e-06
train/learning_rate,65,9.84e-06
train/learning_rate,70,9.8e-06
train/learning_rate,75,9.75e-06
train/learning_rate,80,9.7e-06
train/learning_rate,85,9.64e-06
train/learning_rate,90,9.58e-06
train/learning_rate,95,9.51e-06
train/learning_rate,100,9.44e-06
train/learning_rate,105,9.36e-06
train/learning_rate,110,9.28e-06
train/learning_rate,115,9.2e-06
train/learning_rate,120,9.11e-06
train/learning_rate,125,9.01e-06
train/learning_rate,130,8.92e-06
train/learning_rate,135,8.81e-06
train/learning_rate,140,8.71e-06
train/learning_rate,145,8.6e-06
train/learning_rate,150,8.48e-06
train/learning_rate,155,8.37e-06
train/learning_rate,160,8.25e-06
train/learning_rate,165,8.12e-06
train/learning_rate,170,7.99e-06
train/learning_rate,175,7.86e-06
train/learning_rate,180,7.73e-06
train/learning_rate,185,7.59e-06
train/learning_rate,190,7.45e-06
train/learning_rate,195,7.31e-06
train/learning_rate,200,7.17e-06
train/learning_rate,205,7.02e-06
train/learning_rate,210,6.87e-06
train/learning_rate,215,6.72e-06
train/learning_rate,220,6.57e-06
train/learning_rate,225,6.42e-06
train/learning_rate,230,6.26e-06
train/learning_rate,235,6.1e-06
train/learning_rate,240,5.95e-06
train/learning_rate,245,5.79e-06
train/learning_rate,250,5.63e-06
train/learning_rate,255,5.47e-06
train/learning_rate,260,5.31e-06
train/learning_rate,265,5.15e-06
train/learning_rate,270,4.98e-06
train/learning_rate,275,4.82e-06
train/learning_rate,280,4.66e-06
train/learning_rate,285,4.5e-06
train/learning_rate,290,4.34e-06
train/learning_rate,295,4.18e-06
train/learning_rate,300,4.02e-06
train/learning_rate,305,3.86e-06
train/learning_rate,310,3.71e-06
train/learning_rate,315,3.55e-06
train/learning_rate,320,3.4e-06
train/learning_rate,325,3.25e-06
train/learning_rate,330,3.1e-06
train/learning_rate,335,2.95e-06
train/learning_rate,340,2.8e-06
train/learning_rate,345,2.66e-06
train/learning_rate,350,2.52e-06
train/learning_rate,355,2.38e-06
train/learning_rate,360,2.24e-06
train/learning_rate,365,2.11e-06
train/learning_rate,370,1.98e-06
train/learning_rate,375,1.85e-06
train/learning_rate,380,1.73e-06
train/learning_rate,385,1.61e-06
train/learning_rate,390,1.49e-06
train/learning_rate,395,1.38e-06
train/learning_rate,400,1.27e-06
train/learning_rate,405,1.17e-06
train/learning_rate,410,1.06e-06
train/learning_rate,415,9.7e-07
train/learning_rate,420,8.7e-07
train/learning_rate,425,7.8e-07
train/learning_rate,430,7e-07
train/learning_rate,435,6.2e-07
train/learning_rate,440,5.4e-07
train/learning_rate,445,4.7e-07
train/learning_rate,450,4.1e-07
train/learning_rate,455,3.5e-07
train/learning_rate,460,2.9e-07
train/learning_rate,465,2.4e-07
train/learning_rate,470,1.9e-07
train/learning_rate,475,1.5e-07
train/learning_rate,480,1.1e-07
train/learning_rate,485,8e-08
train/learning_rate,490,5e-08
train/learning_rate,495,3e-08
train/learning_rate,500,2e-08
train/learning_rate,505,1e-08
train/learning_rate,510,0.0
train/loss,1,1.00598741
train/loss,5,0.94225574
train/loss,10,0.81263008
train/loss,15,0.60304923
train/loss,20,0.54689431
train/loss,25,0.50272021
train/loss,30,0.44300189
train/loss,35,0.4742826
train/loss,40,0.43014436
train/loss,45,0.42844534
train/loss,50,0.39299939
train/loss,55,0.40156016
train/loss,60,0.42549448
train/loss,65,0.38253429
train/loss,70,0.3859607
train/loss,75,0.43323069
train/loss,80,0.36497331
train/loss,85,0.35901806
train/loss,90,0.39834735
train/loss,95,0.37665303
train/loss,100,0.38787751
train/loss,105,0.39691417
train/loss,110,0.37216227
train/loss,115,0.35857666
train/loss,120,0.38430917
train/loss,125,0.38936489
train/loss,130,0.37134516
train/loss,135,0.37298849
train/loss,140,0.38000591
train/loss,145,0.38063412
train/loss,150,0.35265913
train/loss,155,0.34555581
train/loss,160,0.37430727
train/loss,165,0.35001442
train/loss,170,0.3306699
train/loss,175,0.33391509
train/loss,180,0.31189685
train/loss,185,0.3319576
train/loss,190,0.31653953
train/loss,195,0.32825994
train/loss,200,0.30551548
train/loss,205,0.33393753
train/loss,210,0.28432217
train/loss,215,0.30445616
train/loss,220,0.33714771
train/loss,225,0.31460204
train/loss,230,0.31687891
train/loss,235,0.32322292
train/loss,240,0.32371316
train/loss,245,0.30283871
train/loss,250,0.28565845
train/loss,255,0.31146309
train/loss,260,0.3364939
train/loss,265,0.34128814
train/loss,270,0.32234721
train/loss,275,0.31896687
train/loss,280,0.30055265
train/loss,285,0.31993411
train/loss,290,0.29627607
train/loss,295,0.32504568
train/loss,300,0.31067195
train/loss,305,0.3308341
train/loss,310,0.30941281
train/loss,315,0.29796815
train/loss,320,0.31506803
train/loss,325,0.30429757
train/loss,330,0.32012796
train/loss,335,0.27664523
train/loss,340,0.31282914
train/loss,345,0.27754662
train/loss,350,0.27338586
train/loss,355,0.26740947
train/loss,360,0.31045659
train/loss,365,0.27404027
train/loss,370,0.27234175
train/loss,375,0.27569275
train/loss,380,0.27114146
train/loss,385,0.26407719
train/loss,390,0.26084697
train/loss,395,0.27525928
train/loss,400,0.24977014
train/loss,405,0.25530734
train/loss,410,0.28779316
train/loss,415,0.2745425
train/loss,420,0.25746303
train/loss,425,0.26167107
train/loss,430,0.28465047
train/loss,435,0.29381723
train/loss,440,0.27647452
train/loss,445,0.25591583
train/loss,450,0.2522608
train/loss,455,0.27111042
train/loss,460,0.25333903
train/loss,465,0.2677793
train/loss,470,0.26551635
train/loss,475,0.27387938
train/loss,480,0.2602169
train/loss,485,0.2689914
train/loss,490,0.28215091
train/loss,495,0.27156243
train/loss,500,0.27113585
train/loss,505,0.24393213
train/loss,510,0.26808832
train/token_acc,1,0.66705269
train/token_acc,5,0.67684095
train/token_acc,10,0.68721043
train/token_acc,15,0.72851964
train/token_acc,20,0.72515387
train/token_acc,25,0.7400352
train/token_acc,30,0.76078604
train/token_acc,35,0.74123961
train/token_acc,40,0.76340728
train/token_acc,45,0.76045542
train/token_acc,50,0.77646687
train/token_acc,55,0.76683668
train/token_acc,60,0.7540191
train/token_acc,65,0.77587811
train/token_acc,70,0.76992302
train/token_acc,75,0.74961428
train/token_acc,80,0.78373383
train/token_acc,85,0.78564583
train/token_acc,90,0.76697531
train/token_acc,95,0.78148386
train/token_acc,100,0.77135106
train/token_acc,105,0.76820742
train/token_acc,110,0.77491319
train/token_acc,115,0.78577739
train/token_acc,120,0.77523461
train/token_acc,125,0.76606007
train/token_acc,130,0.78121137
train/token_acc,135,0.77914182
train/token_acc,140,0.77198798
train/token_acc,145,0.77586388
train/token_acc,150,0.78892052
train/token_acc,155,0.79471775
train/token_acc,160,0.78702545
train/token_acc,165,0.79452954
train/token_acc,170,0.79889838
train/token_acc,175,0.79794286
train/token_acc,180,0.80665209
train/token_acc,185,0.79427955
train/token_acc,190,0.80708872
train/token_acc,195,0.79862647
train/token_acc,200,0.81312084
train/token_acc,205,0.79291331
train/token_acc,210,0.82481517
train/token_acc,215,0.81013658
train/token_acc,220,0.79831358
train/token_acc,225,0.79915789
train/token_acc,230,0.79836575
train/token_acc,235,0.80336173
train/token_acc,240,0.80372374
train/token_acc,245,0.80724081
train/token_acc,250,0.82008318
train/token_acc,255,0.80524472
train/token_acc,260,0.79443872
train/token_acc,265,0.7927035
train/token_acc,270,0.80158645
train/token_acc,275,0.80799653
train/token_acc,280,0.82105943
train/token_acc,285,0.80138844
train/token_acc,290,0.81566087
train/token_acc,295,0.8027127
train/token_acc,300,0.81022132
train/token_acc,305,0.79752821
train/token_acc,310,0.81309251
train/token_acc,315,0.81388831
train/token_acc,320,0.80470358
train/token_acc,325,0.80900192
train/token_acc,330,0.80411278
train/token_acc,335,0.8256312
train/token_acc,340,0.80344259
train/token_acc,345,0.83002896
train/token_acc,350,0.82805284
train/token_acc,355,0.827517
train/token_acc,360,0.80324714
train/token_acc,365,0.82216991
train/token_acc,370,0.83376227
train/token_acc,375,0.82404726
train/token_acc,380,0.82690878
train/token_acc,385,0.83529978
train/token_acc,390,0.83161512
train/token_acc,395,0.82106418
train/token_acc,400,0.83220195
train/token_acc,405,0.84036412
train/token_acc,410,0.81713384
train/token_acc,415,0.82719108
train/token_acc,420,0.83395522
train/token_acc,425,0.83724122
train/token_acc,430,0.82393787
train/token_acc,435,0.81944165
train/token_acc,440,0.82162226
train/token_acc,445,0.83142514
train/token_acc,450,0.83721666
train/token_acc,455,0.82945973
train/token_acc,460,0.83517449
train/token_acc,465,0.83462912
train/token_acc,470,0.82878989
train/token_acc,475,0.82463485
train/token_acc,480,0.8366765
train/token_acc,485,0.82589747
train/token_acc,490,0.82260432
train/token_acc,495,0.82989691
train/token_acc,500,0.82926111
train/token_acc,505,0.84283743
train/token_acc,510,0.83097019
